http://syriaca.org/place/924, ,
http://syriaca.org/place/927, ,
http://syriaca.org/place/928, ,
http://syriaca.org/place/934, ,
http://syriaca.org/place/935, ,
http://syriaca.org/place/937, ,
http://syriaca.org/place/940, ,
http://syriaca.org/place/941, ,
http://syriaca.org/place/943, ,
http://syriaca.org/place/945, ,
http://syriaca.org/place/947, ,
http://syriaca.org/place/948, ,
http://syriaca.org/place/949, ,
http://syriaca.org/place/950, ,
http://syriaca.org/place/951, ,
http://syriaca.org/place/952, ,
http://syriaca.org/place/955, ,
http://syriaca.org/place/956, ,
http://syriaca.org/place/959, ,
http://syriaca.org/place/961, ,
http://syriaca.org/place/962, ,
http://syriaca.org/place/963, ,
http://syriaca.org/place/964, ,
http://syriaca.org/place/966, ,
http://syriaca.org/place/967, ,
http://syriaca.org/place/969, ,
http://syriaca.org/place/972, ,
http://syriaca.org/place/973, ,
http://syriaca.org/place/976, ,
http://syriaca.org/place/979, ,
http://syriaca.org/place/980, ,
http://syriaca.org/place/981, ,
http://syriaca.org/place/985, ,
http://syriaca.org/place/987, ,
http://syriaca.org/place/993, 36.191265 44.00924,
http://syriaca.org/place/996, ,
http://syriaca.org/place/997, ,
http://syriaca.org/place/1001, ,
http://syriaca.org/place/1004, ,
http://syriaca.org/place/1007, ,
http://syriaca.org/place/1010, ,
http://syriaca.org/place/1011, ,
http://syriaca.org/place/1013, ,
http://syriaca.org/place/1014, ,
http://syriaca.org/place/1016, ,
http://syriaca.org/place/1020, ,
http://syriaca.org/place/1023, ,
http://syriaca.org/place/1044, ,
http://syriaca.org/place/1045, ,
http://syriaca.org/place/1046, ,
http://syriaca.org/place/1047, ,
http://syriaca.org/place/1048, ,
http://syriaca.org/place/1049, ,
http://syriaca.org/place/1050, ,
http://syriaca.org/place/916, ,
http://syriaca.org/place/917, ,
http://syriaca.org/place/918, ,
http://syriaca.org/place/919, ,
http://syriaca.org/place/920, ,
http://syriaca.org/place/921, ,
http://syriaca.org/place/922, ,
http://syriaca.org/place/923, ,
http://syriaca.org/place/925, ,
http://syriaca.org/place/926, ,
http://syriaca.org/place/929, ,
http://syriaca.org/place/930, ,
http://syriaca.org/place/931, ,
http://syriaca.org/place/932, ,
http://syriaca.org/place/933, ,
http://syriaca.org/place/936, ,
http://syriaca.org/place/938, ,
http://syriaca.org/place/939, ,
http://syriaca.org/place/942, ,
http://syriaca.org/place/944, ,
http://syriaca.org/place/946, ,
http://syriaca.org/place/953, ,
http://syriaca.org/place/954, ,
http://syriaca.org/place/957, ,
http://syriaca.org/place/958, ,
http://syriaca.org/place/960, ,
http://syriaca.org/place/965, ,
http://syriaca.org/place/968, ,
http://syriaca.org/place/970, ,
http://syriaca.org/place/971, ,
http://syriaca.org/place/974, ,
http://syriaca.org/place/975, ,
http://syriaca.org/place/977, ,
http://syriaca.org/place/978, ,
http://syriaca.org/place/982, ,
http://syriaca.org/place/983, ,
http://syriaca.org/place/984, ,
http://syriaca.org/place/986, ,
http://syriaca.org/place/988, ,
http://syriaca.org/place/989, ,
http://syriaca.org/place/990, ,
http://syriaca.org/place/992, ,
http://syriaca.org/place/994, ,
http://syriaca.org/place/995, ,
http://syriaca.org/place/998, ,
http://syriaca.org/place/999, ,
http://syriaca.org/place/1000, ,
http://syriaca.org/place/1002, ,
http://syriaca.org/place/1003, ,
http://syriaca.org/place/1005, ,
http://syriaca.org/place/1006, ,
http://syriaca.org/place/1008, ,
http://syriaca.org/place/1009, ,
http://syriaca.org/place/1012, ,
http://syriaca.org/place/1015, ,
http://syriaca.org/place/1017, ,
http://syriaca.org/place/1018, ,
http://syriaca.org/place/1019, ,
http://syriaca.org/place/1021, ,
http://syriaca.org/place/1022, ,
http://syriaca.org/place/1024, ,
http://syriaca.org/place/1025, ,
http://syriaca.org/place/1026, ,
http://syriaca.org/place/1027, ,
http://syriaca.org/place/1028, ,
http://syriaca.org/place/1029, ,
http://syriaca.org/place/1030, ,
http://syriaca.org/place/1031, ,
http://syriaca.org/place/1032, ,
http://syriaca.org/place/1033, ,
http://syriaca.org/place/1034, ,
http://syriaca.org/place/1035, ,
http://syriaca.org/place/1036, ,
http://syriaca.org/place/1037, ,
http://syriaca.org/place/1038, ,
http://syriaca.org/place/1039, ,
http://syriaca.org/place/1040, ,
http://syriaca.org/place/1041, ,
http://syriaca.org/place/1042, ,
http://syriaca.org/place/1043, ,
http://syriaca.org/place/1051, ,
http://syriaca.org/place/1052, ,
http://syriaca.org/place/1053, ,
http://syriaca.org/place/1054, ,
http://syriaca.org/place/1055, ,
http://syriaca.org/place/1056, ,
http://syriaca.org/place/1057, ,
http://syriaca.org/place/1058, ,
http://syriaca.org/place/1059, ,
http://syriaca.org/place/1060, ,
http://syriaca.org/place/1061, ,
http://syriaca.org/place/1062, ,
http://syriaca.org/place/1063, ,
http://syriaca.org/place/1064, ,
http://syriaca.org/place/1065, ,
http://syriaca.org/place/1066, ,
http://syriaca.org/place/1067, ,
http://syriaca.org/place/1068, ,
http://syriaca.org/place/1069, ,
http://syriaca.org/place/1070, ,
http://syriaca.org/place/1071, ,
http://syriaca.org/place/1072, ,
http://syriaca.org/place/1073, ,
http://syriaca.org/place/1074, ,
http://syriaca.org/place/1075, ,
http://syriaca.org/place/1076, ,
http://syriaca.org/place/1077, ,
http://syriaca.org/place/1078, ,
http://syriaca.org/place/1079, ,
http://syriaca.org/place/1080, ,
http://syriaca.org/place/1081, ,
http://syriaca.org/place/1082, ,
http://syriaca.org/place/1083, ,
http://syriaca.org/place/1084, ,
http://syriaca.org/place/1085, ,
http://syriaca.org/place/1086, ,
http://syriaca.org/place/1087, ,
http://syriaca.org/place/1088, ,
http://syriaca.org/place/1089, ,
http://syriaca.org/place/1090, ,
http://syriaca.org/place/1091, ,
http://syriaca.org/place/1092, ,
http://syriaca.org/place/1093, ,
http://syriaca.org/place/1094, ,
http://syriaca.org/place/1095, ,
http://syriaca.org/place/1096, ,
http://syriaca.org/place/1097, ,
http://syriaca.org/place/1098, ,
http://syriaca.org/place/1099, ,
http://syriaca.org/place/1100, ,
http://syriaca.org/place/1101, ,
http://syriaca.org/place/1102, ,
http://syriaca.org/place/1103, ,
http://syriaca.org/place/1104, ,
http://syriaca.org/place/1105, ,
http://syriaca.org/place/1106, ,
http://syriaca.org/place/1107, ,
http://syriaca.org/place/1108, ,
http://syriaca.org/place/1109, ,
http://syriaca.org/place/1110, ,
http://syriaca.org/place/1111, ,
http://syriaca.org/place/2, 37.483889 41.4025,
http://syriaca.org/place/4, 37.538333 40.888056,
http://syriaca.org/place/5, ,
http://syriaca.org/place/6, ,
http://syriaca.org/place/7, 27.5 27.5,
http://syriaca.org/place/8, 37.981944 40.210556,
http://syriaca.org/place/9, 37.263889 35.905556,
http://syriaca.org/place/10, 36.2 36.15,
http://syriaca.org/place/11, 35.418 36.398,
http://syriaca.org/place/12, ,
http://syriaca.org/place/13, 36.191111 44.009167,
http://syriaca.org/place/14, 32.927778 35.081667,
http://syriaca.org/place/15, 37 35.32133,
http://syriaca.org/place/16, 36.76901 35.78768,
http://syriaca.org/place/17, 38.752778 42.494444,
http://syriaca.org/place/18, 36.21667 37.16667,
http://syriaca.org/place/19, 36.735278 43.096389,
http://syriaca.org/place/20, 37.0933 43.4872,
http://syriaca.org/place/22, 31.933333 35.933333,
http://syriaca.org/place/24, 37.33 41.34,
http://syriaca.org/place/25, 36.741389 43.893333,
http://syriaca.org/place/27, 34.96017 36.73511,
http://syriaca.org/place/28, ,
http://syriaca.org/place/29, 37.408611 41.485556,
http://syriaca.org/place/30, ,
http://syriaca.org/place/31, 36.5 41.5,
http://syriaca.org/place/32, 32.5 44.5,
http://syriaca.org/place/33, 35.5 44.5,
http://syriaca.org/place/34, 31.5 48.5,
http://syriaca.org/place/35, 32.283618 48.516471,
http://syriaca.org/place/36, ,
http://syriaca.org/place/37, ,
http://syriaca.org/place/38, ,
http://syriaca.org/place/39, ,
http://syriaca.org/place/40, 32.516667 36.483333,
http://syriaca.org/place/41, 33.325 44.422,
http://syriaca.org/place/42, 36.514152 42.726566,
http://syriaca.org/place/43, ,
http://syriaca.org/place/44, 30.5 47.816667,
http://syriaca.org/place/45, 36.976694 38.42451,
http://syriaca.org/place/46, 33.88694 35.51306,
http://syriaca.org/place/47, 37.12 40.47,
http://syriaca.org/place/48, 36.97608 38.42424,
http://syriaca.org/place/49, 37.316667 41.616667,
http://syriaca.org/place/50, 37.02543 37.97877,
http://syriaca.org/place/52, 34.123611 35.651111,
http://syriaca.org/place/53, 32.5 34.89972,
http://syriaca.org/place/54, ,
http://syriaca.org/place/55, 37.25 35.75,
http://syriaca.org/place/56, ,
http://syriaca.org/place/57, ,
http://syriaca.org/place/58, 33.09361 44.58056,
http://syriaca.org/place/59, ,
http://syriaca.org/place/60, 38.73333 35.48333,
http://syriaca.org/place/61, 38.5 50.5,
http://syriaca.org/place/62, 35.15676 40.42574,
http://syriaca.org/place/63, 38.1666666 38.6666666,
http://syriaca.org/place/64, 36.63333 33.45,
http://syriaca.org/place/65, 36.73466 36.94896,
http://syriaca.org/place/66, 33.513 36.292,
http://syriaca.org/place/67, 37.17899 40.95491,
http://syriaca.org/place/68, ,
http://syriaca.org/place/69, ,
http://syriaca.org/place/70, 37.594831 40.954207,
http://syriaca.org/place/71, ,
http://syriaca.org/place/72, ,
http://syriaca.org/place/73, ,
http://syriaca.org/place/74, 36.5786 33.91464,
http://syriaca.org/place/75, 37.153671 37.359985,
http://syriaca.org/place/76, 36.866667 43,
http://syriaca.org/place/77, 34.747 40.73,
http://syriaca.org/place/78, 37.15 38.8,
http://syriaca.org/place/79, 37.5 37.5,
http://syriaca.org/place/81, 36.95506 36.19971,
http://syriaca.org/place/82, ,
http://syriaca.org/place/83, 36.82972 38.015,
http://syriaca.org/place/84, 30.5 51.5,
http://syriaca.org/place/85, 35.37806 35.92233,
http://syriaca.org/place/86, 38.028889 39.032222,
http://syriaca.org/place/87, 31.51667 34.45,
http://syriaca.org/place/88, 37.325 42.195833,
http://syriaca.org/place/89, 37.583333 36.933333,
http://syriaca.org/place/90, ,
http://syriaca.org/place/91, 35.13333 36.75,
http://syriaca.org/place/92, 37.714167 41.413056,
http://syriaca.org/place/93, 35.58806 42.71833,
http://syriaca.org/place/94, 37.75972 38.27875,
http://syriaca.org/place/96, 31.31671 48.68438,
http://syriaca.org/place/97, 37.270778 37.837917,
http://syriaca.org/place/98, ,
http://syriaca.org/place/99, ,
http://syriaca.org/place/100, 37.333333 41.166667,
http://syriaca.org/place/101, 33.97223 36.63115,
http://syriaca.org/place/102, 38.25661 40.08367,
http://syriaca.org/place/103, 37.24952 36.46215,
http://syriaca.org/place/104, 31.78333 35.21667,
http://syriaca.org/place/105, 31.855444 35.462181,
http://syriaca.org/place/107, 37.574444 43.740833,
http://syriaca.org/place/108, 35.468099 44.3953,
http://syriaca.org/place/109, 35.95 39.016667,
http://syriaca.org/place/110, 36.303611 43.412778,
http://syriaca.org/place/111, ,
http://syriaca.org/place/112, ,
http://syriaca.org/place/113, ,
http://syriaca.org/place/114, ,
http://syriaca.org/place/116, ,
http://syriaca.org/place/117, ,
http://syriaca.org/place/118, 35.51667 35.78333,
http://syriaca.org/place/119, 35.26778 36.56667,
http://syriaca.org/place/120, 35.05958 44.35167,
http://syriaca.org/place/121, 35.8572581 44.7915335,
http://syriaca.org/place/122, 36.53333 37.95,
http://syriaca.org/place/123, 30.8093425 47.562804,
http://syriaca.org/place/124, ,
http://syriaca.org/place/125, 35.65633 40.7443,
http://syriaca.org/place/126, ,
http://syriaca.org/place/127, ,
http://syriaca.org/place/128, 37.344308 42.404847,
http://syriaca.org/place/129, 37.383333 46.266667,
http://syriaca.org/place/130, 37.316667 40.737778,
http://syriaca.org/place/132, ,
http://syriaca.org/place/134, 38.1427855 41.003257,
http://syriaca.org/place/135, 35.0000035 19.9999957,
http://syriaca.org/place/136, 38.34767 38.31463,
http://syriaca.org/place/137, 37.416667 41.369722,
http://syriaca.org/place/138, 36.95 35.58333,
http://syriaca.org/place/139, 36.366667 43.116667,
http://syriaca.org/place/140, ,
http://syriaca.org/place/141, 37.372222 41.448333,
http://syriaca.org/place/142, 37.06667 41.21667,
http://syriaca.org/place/143, 34.016667 36.716667,
http://syriaca.org/place/144, 36.35944 43.15278,
http://syriaca.org/place/145, ,
http://syriaca.org/place/146, 36.7 33.91667,
http://syriaca.org/place/147, 35.2728339 36.4825754,
http://syriaca.org/place/148, ,
http://syriaca.org/place/149, ,
http://syriaca.org/place/150, ,
http://syriaca.org/place/151, ,
http://syriaca.org/place/152, ,
http://syriaca.org/place/153, 34.56 38.26722,
http://syriaca.org/place/154, 33.24861 35.69444,
http://syriaca.org/place/156, 27.0000001 50.9999999,
http://syriaca.org/place/157, 30.32861 35.44194,
http://syriaca.org/place/158, 32.85359 36.62683,
http://syriaca.org/place/159, ,
http://syriaca.org/place/160, 37.05 41.216667,
http://syriaca.org/place/161, 34.16826385 36.75343335,
http://syriaca.org/place/162, 35.99861 36.99806,
http://syriaca.org/place/163, 37.642778 43.789444,
http://syriaca.org/place/164, 36.6125 44.524444,
http://syriaca.org/place/165, 35.616667 38.75,
http://syriaca.org/place/166, ,
http://syriaca.org/place/167, ,
http://syriaca.org/place/168, 36.749167 43.114444,
http://syriaca.org/place/169, 31.28217 49.60861,
http://syriaca.org/place/172, 36.82584 40.04962,
http://syriaca.org/place/173, 36.41182 35.89281,
http://syriaca.org/place/174, 36.36667 33.93333,
http://syriaca.org/place/175, ,
http://syriaca.org/place/176, ,
http://syriaca.org/place/177, 38.2 44.766667,
http://syriaca.org/place/178, 37.56452 38.47134,
http://syriaca.org/place/179, 33.4575 35.29583,
http://syriaca.org/place/180, 32.5 35.5,
http://syriaca.org/place/181, 36.48362 34.17373,
http://syriaca.org/place/182, 33.094444 44.522222,
http://syriaca.org/place/183, 36.124 35.922,
http://syriaca.org/place/184, 36.321337 41.859566,
http://syriaca.org/place/185, 35.8808455 38.847326,
http://syriaca.org/place/186, 32.05 48.85,
http://syriaca.org/place/187, 33.56056 35.39806,
http://syriaca.org/place/188, 37.933333 41.95,
http://syriaca.org/place/190, 37.45 35.8,
http://syriaca.org/place/191, ,
http://syriaca.org/place/192, 35.55 45.433333,
http://syriaca.org/place/193, 34.6 43.68333,
http://syriaca.org/place/195, 33.26889 35.21639,
http://syriaca.org/place/196, 36.916667 34.9,
http://syriaca.org/place/197, 36.489444 43.119167,
http://syriaca.org/place/198, 36.255349 36.848848,
http://syriaca.org/place/200, 37.233333 39.766666,
http://syriaca.org/place/201, 32.7966 35.53572,
http://syriaca.org/place/202, ,
http://syriaca.org/place/203, 34.43333 35.85,
http://syriaca.org/place/204, ,
http://syriaca.org/place/205, 37.110367 37.86555,
http://syriaca.org/place/206, 37.55 45.1,
http://syriaca.org/place/207, 38.494167 43.38,
http://syriaca.org/place/208, 37.15 42.683333,
http://syriaca.org/place/209, 37.05833 37.86583,
http://syriaca.org/place/211, 33.4000693333 43.640686,
http://syriaca.org/place/212, 34.233333 37.233333,
http://syriaca.org/place/213, 36.483333 40.75,
http://syriaca.org/place/214, 32.75 36.25,
http://syriaca.org/place/215, 34.730833 36.709444,
http://syriaca.org/place/216, 36.8775 39.033889,
http://syriaca.org/place/217, 37.500035 41.468078,
http://syriaca.org/place/219, 31.88332 44.44985,
http://syriaca.org/place/220, 34.465 45.855,
http://syriaca.org/place/221, 37.5 41.5,
http://syriaca.org/place/222, 37.066667 37.383333,
http://syriaca.org/place/223, ,
http://syriaca.org/place/224, ,
http://syriaca.org/place/225, ,
http://syriaca.org/place/226, 37.321778 41.5385,
http://syriaca.org/place/227, 36.491605 43.392187,
http://syriaca.org/place/228, 34.021667 36.842222,
http://syriaca.org/place/229, ,
http://syriaca.org/place/230, 36.827426 38.034807,
http://syriaca.org/place/232, ,
http://syriaca.org/place/233, ,
http://syriaca.org/place/237, ,
http://syriaca.org/place/238, ,
http://syriaca.org/place/239, ,
http://syriaca.org/place/240, ,
http://syriaca.org/place/241, ,
http://syriaca.org/place/242, ,
http://syriaca.org/place/243, ,
http://syriaca.org/place/244, ,
http://syriaca.org/place/245, ,
http://syriaca.org/place/246, ,
http://syriaca.org/place/247, ,
http://syriaca.org/place/248, ,
http://syriaca.org/place/249, ,
http://syriaca.org/place/250, ,
http://syriaca.org/place/251, ,
http://syriaca.org/place/252, ,
http://syriaca.org/place/253, 37.445274 42.052515,
http://syriaca.org/place/254, ,
http://syriaca.org/place/255, ,
http://syriaca.org/place/256, ,
http://syriaca.org/place/257, ,
http://syriaca.org/place/258, 36.5 43.5,
http://syriaca.org/place/259, ,
http://syriaca.org/place/260, ,
http://syriaca.org/place/261, ,
http://syriaca.org/place/262, ,
http://syriaca.org/place/263, ,
http://syriaca.org/place/264, ,
http://syriaca.org/place/265, ,
http://syriaca.org/place/266, 34.253561 35.659726,
http://syriaca.org/place/267, ,
http://syriaca.org/place/268, ,
http://syriaca.org/place/269, 34.299737 35.815881,
http://syriaca.org/place/270, ,
http://syriaca.org/place/271, ,
http://syriaca.org/place/272, 34.756897 36.294731,
http://syriaca.org/place/273, ,
http://syriaca.org/place/275, ,
http://syriaca.org/place/276, ,
http://syriaca.org/place/277, ,
http://syriaca.org/place/278, ,
http://syriaca.org/place/279, 33.843692 36.520816,
http://syriaca.org/place/280, ,
http://syriaca.org/place/281, ,
http://syriaca.org/place/282, 33.5123279 36.3006518,
http://syriaca.org/place/283, ,
http://syriaca.org/place/284, 39.75 39.5,
http://syriaca.org/place/285, ,
http://syriaca.org/place/286, ,
http://syriaca.org/place/287, ,
http://syriaca.org/place/288, 37.407482 41.889894,
http://syriaca.org/place/289, 30.75 30.25,
http://syriaca.org/place/290, 38.37335 34.028159,
http://syriaca.org/place/292, 40.6549427 35.8280877,
http://syriaca.org/place/294, ,
http://syriaca.org/place/295, ,
http://syriaca.org/place/296, ,
http://syriaca.org/place/297, ,
http://syriaca.org/place/298, ,
http://syriaca.org/place/299, 36.0021275 38.126807,
http://syriaca.org/place/300, 38.4 42.116666,
http://syriaca.org/place/302, ,
http://syriaca.org/place/303, 36.45075 43.341118,
http://syriaca.org/place/304, ,
http://syriaca.org/place/305, ,
http://syriaca.org/place/306, ,
http://syriaca.org/place/307, ,
http://syriaca.org/place/308, ,
http://syriaca.org/place/309, ,
http://syriaca.org/place/310, 41.717722 44.78057,
http://syriaca.org/place/311, ,
http://syriaca.org/place/312, ,
http://syriaca.org/place/313, ,
http://syriaca.org/place/314, ,
http://syriaca.org/place/315, ,
http://syriaca.org/place/316, 31.255258 32.292698,
http://syriaca.org/place/317, ,
http://syriaca.org/place/318, ,
http://syriaca.org/place/319, ,
http://syriaca.org/place/320, ,
http://syriaca.org/place/321, ,
http://syriaca.org/place/322, ,
http://syriaca.org/place/323, ,
http://syriaca.org/place/324, ,
http://syriaca.org/place/325, ,
http://syriaca.org/place/326, ,
http://syriaca.org/place/327, ,
http://syriaca.org/place/328, ,
http://syriaca.org/place/329, ,
http://syriaca.org/place/330, ,
http://syriaca.org/place/331, ,
http://syriaca.org/place/332, ,
http://syriaca.org/place/333, ,
http://syriaca.org/place/334, ,
http://syriaca.org/place/335, ,
http://syriaca.org/place/336, ,
http://syriaca.org/place/337, ,
http://syriaca.org/place/338, ,
http://syriaca.org/place/339, 37.187038 41.409741,
http://syriaca.org/place/340, ,
http://syriaca.org/place/341, ,
http://syriaca.org/place/342, ,
http://syriaca.org/place/343, ,
http://syriaca.org/place/344, ,
http://syriaca.org/place/345, ,
http://syriaca.org/place/346, ,
http://syriaca.org/place/347, ,
http://syriaca.org/place/348, ,
http://syriaca.org/place/349, ,
http://syriaca.org/place/350, ,
http://syriaca.org/place/351, ,
http://syriaca.org/place/352, ,
http://syriaca.org/place/353, ,
http://syriaca.org/place/354, ,
http://syriaca.org/place/355, ,
http://syriaca.org/place/356, 35.978601 39.002571,
http://syriaca.org/place/357, ,
http://syriaca.org/place/358, ,
http://syriaca.org/place/359, ,
http://syriaca.org/place/360, ,
http://syriaca.org/place/361, ,
http://syriaca.org/place/362, ,
http://syriaca.org/place/363, ,
http://syriaca.org/place/364, ,
http://syriaca.org/place/365, ,
http://syriaca.org/place/366, ,
http://syriaca.org/place/367, ,
http://syriaca.org/place/368, ,
http://syriaca.org/place/369, ,
http://syriaca.org/place/370, ,
http://syriaca.org/place/371, ,
http://syriaca.org/place/372, ,
http://syriaca.org/place/373, ,
http://syriaca.org/place/374, ,
http://syriaca.org/place/375, ,
http://syriaca.org/place/376, ,
http://syriaca.org/place/377, ,
http://syriaca.org/place/378, ,
http://syriaca.org/place/379, ,
http://syriaca.org/place/380, ,
http://syriaca.org/place/381, ,'
http://syriaca.org/place/382, ,
http://syriaca.org/place/383, ,
http://syriaca.org/place/384, 37.211579 41.473406,
http://syriaca.org/place/385, ,
http://syriaca.org/place/386, ,
http://syriaca.org/place/387, ,
http://syriaca.org/place/388, ,
http://syriaca.org/place/389, ,
http://syriaca.org/place/390, ,
http://syriaca.org/place/391, ,
http://syriaca.org/place/392, 37.231912 41.411144,
http://syriaca.org/place/393, ,
http://syriaca.org/place/394, ,
http://syriaca.org/place/395, ,
http://syriaca.org/place/396, ,
http://syriaca.org/place/397, ,
http://syriaca.org/place/398, 37.105188 38.90284,
http://syriaca.org/place/399, 37.937557 40.235101,
http://syriaca.org/place/400, ,
http://syriaca.org/place/401, ,
http://syriaca.org/place/402, ,
http://syriaca.org/place/403, ,
http://syriaca.org/place/404, ,
http://syriaca.org/place/405, 37.427054 37.692332,
http://syriaca.org/place/406, ,
http://syriaca.org/place/407, ,
http://syriaca.org/place/408, ,
http://syriaca.org/place/409, 32.5 62.5,
http://syriaca.org/place/410, 35.922817 36.735987,
http://syriaca.org/place/411, 35.050807 37.057146,
http://syriaca.org/place/412, ,
http://syriaca.org/place/413, ,
http://syriaca.org/place/414, 38.072539 30.470512,
http://syriaca.org/place/415, 32.1887935 48.2537285,
http://syriaca.org/place/416, ,
http://syriaca.org/place/417, ,
http://syriaca.org/place/418, ,
http://syriaca.org/place/419, ,
http://syriaca.org/place/420, ,
http://syriaca.org/place/421, ,
http://syriaca.org/place/422, ,
http://syriaca.org/place/423, ,
http://syriaca.org/place/424, ,
http://syriaca.org/place/425, ,
http://syriaca.org/place/426, ,
http://syriaca.org/place/427, ,
http://syriaca.org/place/428, ,
http://syriaca.org/place/429, ,
http://syriaca.org/place/430, 36.244537 40.707477,
http://syriaca.org/place/431, 38.343754 37.964119,
http://syriaca.org/place/432, 34.531277 36.047047,
http://syriaca.org/place/433, ,
http://syriaca.org/place/434, ,
http://syriaca.org/place/435, ,
http://syriaca.org/place/436, ,
http://syriaca.org/place/437, 41.012021 24.285182,
http://syriaca.org/place/438, ,
http://syriaca.org/place/439, 40.389806 27.874127,
http://syriaca.org/place/440, 37.872202 32.492331,
http://syriaca.org/place/441, ,
http://syriaca.org/place/442, ,
http://syriaca.org/place/443, ,
http://syriaca.org/place/444, ,
http://syriaca.org/place/445, ,
http://syriaca.org/place/446, 36.716346 37.114125,
http://syriaca.org/place/447, ,
http://syriaca.org/place/448, ,
http://syriaca.org/place/449, ,
http://syriaca.org/place/450, ,
http://syriaca.org/place/451, ,
http://syriaca.org/place/452, ,
http://syriaca.org/place/453, ,
http://syriaca.org/place/454, ,
http://syriaca.org/place/455, ,
http://syriaca.org/place/456, 31.530845 34.433158,
http://syriaca.org/place/457, ,
http://syriaca.org/place/458, ,
http://syriaca.org/place/459, ,
http://syriaca.org/place/460, ,
http://syriaca.org/place/461, ,
http://syriaca.org/place/462, ,
http://syriaca.org/place/463, ,
http://syriaca.org/place/464, ,
http://syriaca.org/place/465, ,
http://syriaca.org/place/466, 40.609983 36.951027,
http://syriaca.org/place/467, 38.347032 40.752181,
http://syriaca.org/place/468, ,
http://syriaca.org/place/470, ,
http://syriaca.org/place/471, ,
http://syriaca.org/place/472, ,
http://syriaca.org/place/473, ,
http://syriaca.org/place/474, ,
http://syriaca.org/place/475, 33.09914 44.551979,
http://syriaca.org/place/476, ,
http://syriaca.org/place/477, ,
http://syriaca.org/place/478, ,
http://syriaca.org/place/479, ,
http://syriaca.org/place/480, 41.292721 36.3313,
http://syriaca.org/place/481, 41.1802622 36.7190803,
http://syriaca.org/place/482, ,
http://syriaca.org/place/483, ,
http://syriaca.org/place/484, 39.907739 41.276889,
http://syriaca.org/place/485, ,
http://syriaca.org/place/486, ,
http://syriaca.org/place/487, 34.3 36.116667,
http://syriaca.org/place/488, 40.6666672 28.25,
http://syriaca.org/place/489, 36.808642 34.638066,
http://syriaca.org/place/490, 37.191031 40.589019,
http://syriaca.org/place/491, ,
http://syriaca.org/place/492, ,
http://syriaca.org/place/493, ,
http://syriaca.org/place/494, 39.943198 32.860538,
http://syriaca.org/place/495, ,
http://syriaca.org/place/496, 34.966351 36.39298,
http://syriaca.org/place/497, ,
http://syriaca.org/place/498, ,
http://syriaca.org/place/499, ,
http://syriaca.org/place/500, 22.5 77.5,
http://syriaca.org/place/501, ,
http://syriaca.org/place/502, 40.76445 29.923486,
http://syriaca.org/place/503, 43.0786852 34.7425505,
http://syriaca.org/place/504, ,
http://syriaca.org/place/505, ,
http://syriaca.org/place/506, ,
http://syriaca.org/place/507, ,
http://syriaca.org/place/508, ,
http://syriaca.org/place/509, ,
http://syriaca.org/place/510, 40.317677 36.549116,
http://syriaca.org/place/511, 37.009788 37.788277,
http://syriaca.org/place/512, 41.25 21.75,
http://syriaca.org/place/513, ,
http://syriaca.org/place/514, 34.900877 38.882857,
http://syriaca.org/place/515, 34.671287 38.582516,
http://syriaca.org/place/516, ,
http://syriaca.org/place/517, ,
http://syriaca.org/place/518, ,
http://syriaca.org/place/519, ,
http://syriaca.org/place/520, 38.705472 39.952527,
http://syriaca.org/place/521, ,
http://syriaca.org/place/522, 33.100272 44.583487,
http://syriaca.org/place/523, 34.345833 62.188384,
http://syriaca.org/place/524, 36.354311 41.7171985,
http://syriaca.org/place/525, ,
http://syriaca.org/place/526, ,
http://syriaca.org/place/527, ,
http://syriaca.org/place/528, ,
http://syriaca.org/place/529, ,
http://syriaca.org/place/530, ,
http://syriaca.org/place/531, ,
http://syriaca.org/place/532, ,
http://syriaca.org/place/533, ,
http://syriaca.org/place/534, ,
http://syriaca.org/place/535, ,
http://syriaca.org/place/536, ,
http://syriaca.org/place/537, ,
http://syriaca.org/place/538, ,
http://syriaca.org/place/539, ,
http://syriaca.org/place/540, ,
http://syriaca.org/place/541, ,
http://syriaca.org/place/542, ,
http://syriaca.org/place/543, ,
http://syriaca.org/place/544, ,
http://syriaca.org/place/545, ,
http://syriaca.org/place/546, ,
http://syriaca.org/place/547, ,
http://syriaca.org/place/548, ,
http://syriaca.org/place/549, ,
http://syriaca.org/place/550, ,
http://syriaca.org/place/551, ,
http://syriaca.org/place/552, ,
http://syriaca.org/place/553, ,
http://syriaca.org/place/554, ,
http://syriaca.org/place/555, ,
http://syriaca.org/place/556, 37.198257 41.430776,
http://syriaca.org/place/557, ,
http://syriaca.org/place/558, ,
http://syriaca.org/place/559, ,
http://syriaca.org/place/560, ,
http://syriaca.org/place/561, ,
http://syriaca.org/place/562, ,
http://syriaca.org/place/563, 28.58771 33.921682,
http://syriaca.org/place/564, ,
http://syriaca.org/place/565, ,
http://syriaca.org/place/567, ,
http://syriaca.org/place/568, ,
http://syriaca.org/place/569, ,
http://syriaca.org/place/570, ,
http://syriaca.org/place/571, ,
http://syriaca.org/place/572, 31.195371 29.904133,
http://syriaca.org/place/573, ,
http://syriaca.org/place/574, 35.809864 37.518964,
http://syriaca.org/place/575, ,
http://syriaca.org/place/576, ,
http://syriaca.org/place/577, 34.006664 36.203685,
http://syriaca.org/place/578, 32.5 44.5,
http://syriaca.org/place/579, 35.847777 35.824785,
http://syriaca.org/place/580, ,
http://syriaca.org/place/582, ,
http://syriaca.org/place/583, ,
http://syriaca.org/place/584, 36.655948 38.076558,
http://syriaca.org/place/585, ,
http://syriaca.org/place/586, 41.008548 28.979938,
http://syriaca.org/place/587, ,
http://syriaca.org/place/588, ,
http://syriaca.org/place/589, 35.976326 38.198554,
http://syriaca.org/place/590, 12.5 37.5,
http://syriaca.org/place/591, ,
http://syriaca.org/place/592, 42.5 12.5,
http://syriaca.org/place/593, ,
http://syriaca.org/place/594, ,
http://syriaca.org/place/595, 32.75 36.75,
http://syriaca.org/place/596, ,
http://syriaca.org/place/597, ,
http://syriaca.org/place/598, ,
http://syriaca.org/place/599, 33.1864496 35.6191595,
http://syriaca.org/place/600, ,
http://syriaca.org/place/601, 25.515833 29.095556,
http://syriaca.org/place/602, ,
http://syriaca.org/place/603, ,
http://syriaca.org/place/604, ,
http://syriaca.org/place/605, ,
http://syriaca.org/place/606, ,
http://syriaca.org/place/607, 37.662778 62.1925,
http://syriaca.org/place/608, ,
http://syriaca.org/place/609, ,
http://syriaca.org/place/610, ,
http://syriaca.org/place/611, ,
http://syriaca.org/place/612, ,
http://syriaca.org/place/613, ,
http://syriaca.org/place/614, ,
http://syriaca.org/place/615, ,
http://syriaca.org/place/616, ,
http://syriaca.org/place/617, ,
http://syriaca.org/place/618, ,
http://syriaca.org/place/619, ,
http://syriaca.org/place/620, ,
http://syriaca.org/place/621, 40.426679 29.715443,
http://syriaca.org/place/622, 40.983393 29.025789,
http://syriaca.org/place/623, 37.941944 27.339722,
http://syriaca.org/place/624, 40.6013428 33.6134213,
http://syriaca.org/place/625, ,
http://syriaca.org/place/626, ,
http://syriaca.org/place/627, ,
http://syriaca.org/place/628, ,
http://syriaca.org/place/629, 29.7497813 31.2706,
http://syriaca.org/place/630, ,
http://syriaca.org/place/631, ,
http://syriaca.org/place/632, ,
http://syriaca.org/place/633, ,
http://syriaca.org/place/634, ,
http://syriaca.org/place/635, 36.334167 36.843889,
http://syriaca.org/place/636, ,
http://syriaca.org/place/637, ,
http://syriaca.org/place/638, 36.53173 42.508844,
http://syriaca.org/place/639, 31.741828 35.459407,
http://syriaca.org/place/640, ,
http://syriaca.org/place/641, 41.8917375 12.4861685,
http://syriaca.org/place/642, ,
http://syriaca.org/place/643, ,
http://syriaca.org/place/644, ,
http://syriaca.org/place/645, 36.438598 40.86652,
http://syriaca.org/place/646, ,
http://syriaca.org/place/647, ,
http://syriaca.org/place/648, ,
http://syriaca.org/place/649, ,
http://syriaca.org/place/650, ,
http://syriaca.org/place/651, ,
http://syriaca.org/place/652, ,
http://syriaca.org/place/653, 35.588322 36.458105,
http://syriaca.org/place/654, 32.5 47.5,
http://syriaca.org/place/655, ,
http://syriaca.org/place/656, ,
http://syriaca.org/place/657, ,
http://syriaca.org/place/658, ,
http://syriaca.org/place/659, ,
http://syriaca.org/place/660, ,
http://syriaca.org/place/661, ,
http://syriaca.org/place/662, ,
http://syriaca.org/place/663, 36.589023 36.166038,
http://syriaca.org/place/664, 37.104166 40.93,
http://syriaca.org/place/665, ,
http://syriaca.org/place/666, ,
http://syriaca.org/place/667, ,
http://syriaca.org/place/668, ,
http://syriaca.org/place/669, ,
http://syriaca.org/place/670, ,
http://syriaca.org/place/671, 28.852984 52.532446,
http://syriaca.org/place/672, 30.662826 50.309141,
http://syriaca.org/place/673, 38.5 41.5,
http://syriaca.org/place/674, 31.661963 34.546334,
http://syriaca.org/place/675, ,
http://syriaca.org/place/676, ,
http://syriaca.org/place/677, 37.971687 23.726464,
http://syriaca.org/place/678, ,
http://syriaca.org/place/679, 33.853599 44.404396,
http://syriaca.org/place/680, ,
http://syriaca.org/place/681, ,
http://syriaca.org/place/682, ,
http://syriaca.org/place/683, ,
http://syriaca.org/place/684, ,
http://syriaca.org/place/685, ,
http://syriaca.org/place/686, ,
http://syriaca.org/place/687, 36.214962 36.696916,
http://syriaca.org/place/688, ,
http://syriaca.org/place/689, ,
http://syriaca.org/place/690, ,
http://syriaca.org/place/691, ,
http://syriaca.org/place/692, ,
http://syriaca.org/place/693, ,
http://syriaca.org/place/694, ,
http://syriaca.org/place/695, ,
http://syriaca.org/place/696, ,
http://syriaca.org/place/697, ,
http://syriaca.org/place/698, 31.25 34.75,
http://syriaca.org/place/700, ,
http://syriaca.org/place/701, 51.513335 -0.088949,
http://syriaca.org/place/702, ,
http://syriaca.org/place/703, ,
http://syriaca.org/place/704, ,
http://syriaca.org/place/705, ,
http://syriaca.org/place/706, ,
http://syriaca.org/place/707, ,
http://syriaca.org/place/708, ,
http://syriaca.org/place/709, ,
http://syriaca.org/place/710, 36.5 41.5,
http://syriaca.org/place/711, ,
http://syriaca.org/place/712, ,
http://syriaca.org/place/713, ,
http://syriaca.org/place/714, 35.0444470024 32.6288214881,
http://syriaca.org/place/715, ,
http://syriaca.org/place/716, ,
http://syriaca.org/place/717, 32.5 44.5,
http://syriaca.org/place/718, ,
http://syriaca.org/place/719, ,
http://syriaca.org/place/720, 34.5 46.5,
http://syriaca.org/place/721, ,
http://syriaca.org/place/722, ,
http://syriaca.org/place/723, ,
http://syriaca.org/place/724, ,
http://syriaca.org/place/725, ,
http://syriaca.org/place/726, ,
http://syriaca.org/place/727, ,
http://syriaca.org/place/728, ,
http://syriaca.org/place/729, ,
http://syriaca.org/place/730, ,
http://syriaca.org/place/731, ,
http://syriaca.org/place/732, ,
http://syriaca.org/place/733, ,
http://syriaca.org/place/734, ,
http://syriaca.org/place/735, ,
http://syriaca.org/place/737, ,
http://syriaca.org/place/738, ,
http://syriaca.org/place/739, ,
http://syriaca.org/place/740, ,
http://syriaca.org/place/741, ,
http://syriaca.org/place/742, ,
http://syriaca.org/place/743, ,
http://syriaca.org/place/744, ,
http://syriaca.org/place/745, ,
http://syriaca.org/place/746, ,
http://syriaca.org/place/747, ,
http://syriaca.org/place/748, ,
http://syriaca.org/place/749, ,
http://syriaca.org/place/750, ,
http://syriaca.org/place/751, ,
http://syriaca.org/place/752, ,
http://syriaca.org/place/753, ,
http://syriaca.org/place/754, ,
http://syriaca.org/place/755, ,
http://syriaca.org/place/756, ,
http://syriaca.org/place/757, ,
http://syriaca.org/place/758, ,
http://syriaca.org/place/759, ,
http://syriaca.org/place/760, ,
http://syriaca.org/place/761, ,
http://syriaca.org/place/762, ,
http://syriaca.org/place/763, ,
http://syriaca.org/place/764, ,
http://syriaca.org/place/765, ,
http://syriaca.org/place/766, ,
http://syriaca.org/place/767, ,
http://syriaca.org/place/768, ,
http://syriaca.org/place/769, ,
http://syriaca.org/place/770, ,
http://syriaca.org/place/771, ,
http://syriaca.org/place/772, ,
http://syriaca.org/place/773, ,
http://syriaca.org/place/774, ,
http://syriaca.org/place/775, ,
http://syriaca.org/place/776, ,
http://syriaca.org/place/777, ,
http://syriaca.org/place/778, ,
http://syriaca.org/place/779, ,
http://syriaca.org/place/780, ,
http://syriaca.org/place/781, ,
http://syriaca.org/place/782, ,
http://syriaca.org/place/783, ,
http://syriaca.org/place/784, ,
http://syriaca.org/place/786, ,
http://syriaca.org/place/787, ,
http://syriaca.org/place/788, ,
http://syriaca.org/place/789, ,
http://syriaca.org/place/790, ,
http://syriaca.org/place/791, ,
http://syriaca.org/place/792, ,
http://syriaca.org/place/793, ,
http://syriaca.org/place/794, ,
http://syriaca.org/place/796, ,
http://syriaca.org/place/797, ,
http://syriaca.org/place/798, 38.24647 48.295051,
http://syriaca.org/place/800, ,
http://syriaca.org/place/801, ,
http://syriaca.org/place/803, ,
http://syriaca.org/place/804, ,
http://syriaca.org/place/805, 31.712291 35.202123,
http://syriaca.org/place/806, ,
http://syriaca.org/place/808, ,
http://syriaca.org/place/809, ,
http://syriaca.org/place/810, ,
http://syriaca.org/place/811, 31.417068 31.812588,
http://syriaca.org/place/812, ,
http://syriaca.org/place/814, ,
http://syriaca.org/place/815, ,
http://syriaca.org/place/816, ,
http://syriaca.org/place/817, 40.185208 44.51676,
http://syriaca.org/place/818, ,
http://syriaca.org/place/819, ,
http://syriaca.org/place/820, 43.768755 11.256929,
http://syriaca.org/place/822, ,
http://syriaca.org/place/823, 34.799294 48.512209,
http://syriaca.org/place/824, ,
http://syriaca.org/place/825, ,
http://syriaca.org/place/826, ,
http://syriaca.org/place/827, ,
http://syriaca.org/place/828, ,
http://syriaca.org/place/829, ,
http://syriaca.org/place/830, 32.65139 51.679191,
http://syriaca.org/place/832, ,
http://syriaca.org/place/833, ,
http://syriaca.org/place/834, ,
http://syriaca.org/place/836, ,
http://syriaca.org/place/837, ,
http://syriaca.org/place/838, ,
http://syriaca.org/place/839, ,
http://syriaca.org/place/840, ,
http://syriaca.org/place/841, ,
http://syriaca.org/place/842, ,
http://syriaca.org/place/843, ,
http://syriaca.org/place/844, 52.2125 0.114167,
http://syriaca.org/place/845, ,
http://syriaca.org/place/846, ,
http://syriaca.org/place/847, ,
http://syriaca.org/place/848, ,
http://syriaca.org/place/849, ,
http://syriaca.org/place/851, ,
http://syriaca.org/place/852, ,
http://syriaca.org/place/853, ,
http://syriaca.org/place/854, 45.463746 9.18806,
http://syriaca.org/place/855, ,
http://syriaca.org/place/856, ,
http://syriaca.org/place/857, ,
http://syriaca.org/place/858, ,
http://syriaca.org/place/859, ,
http://syriaca.org/place/860, 45.445082 8.618661,
http://syriaca.org/place/861, ,
http://syriaca.org/place/862, ,
http://syriaca.org/place/863, 48.852964 2.349952,
http://syriaca.org/place/865, 39.656498 66.947223,
http://syriaca.org/place/866, ,
http://syriaca.org/place/867, ,
http://syriaca.org/place/868, ,
http://syriaca.org/place/869, ,
http://syriaca.org/place/870, ,
http://syriaca.org/place/871, ,
http://syriaca.org/place/873, ,
http://syriaca.org/place/874, ,
http://syriaca.org/place/875, ,
http://syriaca.org/place/876, ,
http://syriaca.org/place/877, 36.475251 59.513982,
http://syriaca.org/place/878, ,
http://syriaca.org/place/879, ,
http://syriaca.org/place/881, ,
http://syriaca.org/place/882, ,
http://syriaca.org/place/883, ,
http://syriaca.org/place/884, ,
http://syriaca.org/place/885, ,
http://syriaca.org/place/886, ,
http://syriaca.org/place/887, ,
http://syriaca.org/place/888, ,
http://syriaca.org/place/889, ,
http://syriaca.org/place/890, ,
http://syriaca.org/place/891, ,
http://syriaca.org/place/892, ,
http://syriaca.org/place/893, ,
http://syriaca.org/place/894, ,
http://syriaca.org/place/895, ,
http://syriaca.org/place/896, ,
http://syriaca.org/place/897, ,
http://syriaca.org/place/898, ,
http://syriaca.org/place/899, ,
http://syriaca.org/place/900, ,
http://syriaca.org/place/901, ,
http://syriaca.org/place/902, ,
http://syriaca.org/place/903, ,
http://syriaca.org/place/904, ,
http://syriaca.org/place/905, ,
http://syriaca.org/place/906, ,
http://syriaca.org/place/907, ,
http://syriaca.org/place/908, ,
http://syriaca.org/place/909, ,
http://syriaca.org/place/910, ,
http://syriaca.org/place/911, ,
http://syriaca.org/place/912, ,
http://syriaca.org/place/913, ,
http://syriaca.org/place/914, ,
http://syriaca.org/place/915, ,
http://syriaca.org/place/1112, ,
http://syriaca.org/place/1113, ,
http://syriaca.org/place/1114, ,
http://syriaca.org/place/1115, ,
http://syriaca.org/place/1116, ,
http://syriaca.org/place/1117, ,
http://syriaca.org/place/1118, ,
http://syriaca.org/place/1119, ,
http://syriaca.org/place/1120, ,
http://syriaca.org/place/1121, ,
http://syriaca.org/place/1122, ,
http://syriaca.org/place/1123, ,
http://syriaca.org/place/1124, ,
http://syriaca.org/place/1125, ,
http://syriaca.org/place/1126, ,
http://syriaca.org/place/1127, ,
http://syriaca.org/place/1128, ,
http://syriaca.org/place/1129, ,
http://syriaca.org/place/1130, ,
http://syriaca.org/place/1131, ,
http://syriaca.org/place/1132, ,
http://syriaca.org/place/1133, ,
http://syriaca.org/place/1134, ,
http://syriaca.org/place/1135, ,
http://syriaca.org/place/1136, ,
http://syriaca.org/place/1137, ,
http://syriaca.org/place/1138, ,
http://syriaca.org/place/1139, ,
http://syriaca.org/place/1140, ,
http://syriaca.org/place/1141, ,
http://syriaca.org/place/1142, ,
http://syriaca.org/place/1143, ,
http://syriaca.org/place/1144, ,
http://syriaca.org/place/1145, ,
http://syriaca.org/place/1146, ,
http://syriaca.org/place/1147, ,
http://syriaca.org/place/1148, ,
http://syriaca.org/place/1149, ,
http://syriaca.org/place/1150, ,
http://syriaca.org/place/1151, ,
http://syriaca.org/place/1152, ,
http://syriaca.org/place/1153, ,
http://syriaca.org/place/1154, ,
http://syriaca.org/place/1155, ,
http://syriaca.org/place/1156, ,
http://syriaca.org/place/1157, ,
http://syriaca.org/place/1158, ,
http://syriaca.org/place/1159, ,
http://syriaca.org/place/1160, ,
http://syriaca.org/place/1161, ,
http://syriaca.org/place/1162, ,
http://syriaca.org/place/1163, ,
http://syriaca.org/place/1164, ,
http://syriaca.org/place/1165, ,
http://syriaca.org/place/1166, ,
http://syriaca.org/place/1167, ,
http://syriaca.org/place/1168, ,
http://syriaca.org/place/1169, ,
http://syriaca.org/place/1170, ,
http://syriaca.org/place/1171, ,
http://syriaca.org/place/1172, ,
http://syriaca.org/place/1173, ,
http://syriaca.org/place/1174, ,
http://syriaca.org/place/1175, ,
http://syriaca.org/place/1176, ,
http://syriaca.org/place/1177, ,
http://syriaca.org/place/1178, ,
http://syriaca.org/place/1179, 31.704703 35.331699,
http://syriaca.org/place/1180, ,
http://syriaca.org/place/1181, ,
http://syriaca.org/place/1182, ,
http://syriaca.org/place/1183, ,
http://syriaca.org/place/1184, ,
http://syriaca.org/place/1185, ,
http://syriaca.org/place/1186, ,
http://syriaca.org/place/1187, ,
http://syriaca.org/place/1188, ,
http://syriaca.org/place/1189, ,
http://syriaca.org/place/1190, ,
http://syriaca.org/place/1191, ,
http://syriaca.org/place/1192, ,
http://syriaca.org/place/1193, ,
http://syriaca.org/place/1194, ,
http://syriaca.org/place/1195, ,
http://syriaca.org/place/1196, ,
http://syriaca.org/place/1198, ,
http://syriaca.org/place/1199, ,
http://syriaca.org/place/1200, ,
http://syriaca.org/place/1201, ,
http://syriaca.org/place/1202, ,
http://syriaca.org/place/1203, ,
http://syriaca.org/place/1204, ,
http://syriaca.org/place/1205, ,
http://syriaca.org/place/1206, ,
http://syriaca.org/place/1207, ,
http://syriaca.org/place/1208, ,
http://syriaca.org/place/1209, ,
http://syriaca.org/place/1210, ,
http://syriaca.org/place/1211, ,
http://syriaca.org/place/1212, ,
http://syriaca.org/place/1213, ,
http://syriaca.org/place/1214, ,
http://syriaca.org/place/1215, ,
http://syriaca.org/place/1216, ,
http://syriaca.org/place/1217, ,
http://syriaca.org/place/1218, ,
http://syriaca.org/place/1219, ,
http://syriaca.org/place/1220, ,
http://syriaca.org/place/1221, ,
http://syriaca.org/place/1222, ,
http://syriaca.org/place/1223, ,
http://syriaca.org/place/1224, ,
http://syriaca.org/place/1225, ,
http://syriaca.org/place/1226, ,
http://syriaca.org/place/1227, ,
http://syriaca.org/place/1228, ,
http://syriaca.org/place/1229, ,
http://syriaca.org/place/1230, ,
http://syriaca.org/place/1231, ,
http://syriaca.org/place/1232, ,
http://syriaca.org/place/1233, ,
http://syriaca.org/place/1234, ,
http://syriaca.org/place/1235, ,
http://syriaca.org/place/1236, ,
http://syriaca.org/place/1237, ,
http://syriaca.org/place/1238, ,
http://syriaca.org/place/1239, ,
http://syriaca.org/place/1240, ,
http://syriaca.org/place/1241, ,
http://syriaca.org/place/1242, ,
http://syriaca.org/place/1243, ,
http://syriaca.org/place/1244, ,
http://syriaca.org/place/1245, ,
http://syriaca.org/place/1246, ,
http://syriaca.org/place/1247, ,
http://syriaca.org/place/1248, ,
http://syriaca.org/place/1249, ,
http://syriaca.org/place/1250, ,
http://syriaca.org/place/1251, ,
http://syriaca.org/place/1252, ,
http://syriaca.org/place/1253, ,
http://syriaca.org/place/1254, ,
http://syriaca.org/place/1255, ,
http://syriaca.org/place/1256, ,
http://syriaca.org/place/1257, ,
http://syriaca.org/place/1258, ,
http://syriaca.org/place/1259, ,
http://syriaca.org/place/1260, ,
http://syriaca.org/place/1261, ,
http://syriaca.org/place/1262, ,
http://syriaca.org/place/1263, ,
http://syriaca.org/place/1264, ,
http://syriaca.org/place/1265, ,
http://syriaca.org/place/1266, ,
http://syriaca.org/place/1267, ,
http://syriaca.org/place/1268, ,
http://syriaca.org/place/1269, ,
http://syriaca.org/place/1270, ,
http://syriaca.org/place/1271, ,
http://syriaca.org/place/1272, ,
http://syriaca.org/place/1273, ,
http://syriaca.org/place/1274, ,
http://syriaca.org/place/1275, ,
http://syriaca.org/place/1276, ,
http://syriaca.org/place/1277, ,
http://syriaca.org/place/1278, ,
http://syriaca.org/place/1279, ,
http://syriaca.org/place/1280, ,
http://syriaca.org/place/1281, ,
http://syriaca.org/place/1282, ,
http://syriaca.org/place/1283, ,
http://syriaca.org/place/1284, ,
http://syriaca.org/place/1285, ,
http://syriaca.org/place/1286, ,
http://syriaca.org/place/1287, ,
http://syriaca.org/place/1288, ,
http://syriaca.org/place/1289, ,
http://syriaca.org/place/1290, ,
http://syriaca.org/place/1291, ,
http://syriaca.org/place/1292, ,
http://syriaca.org/place/1293, ,
http://syriaca.org/place/1294, ,
http://syriaca.org/place/1295, ,
http://syriaca.org/place/1296, ,
http://syriaca.org/place/1297, ,
http://syriaca.org/place/1298, ,
http://syriaca.org/place/1299, ,
http://syriaca.org/place/1300, ,
http://syriaca.org/place/1301, ,
http://syriaca.org/place/1302, ,
http://syriaca.org/place/1303, ,
http://syriaca.org/place/1304, ,
http://syriaca.org/place/1305, ,
http://syriaca.org/place/1306, ,
http://syriaca.org/place/1307, ,
http://syriaca.org/place/1308, ,
http://syriaca.org/place/1309, ,
http://syriaca.org/place/1310, ,
http://syriaca.org/place/1311, ,
http://syriaca.org/place/1312, ,
http://syriaca.org/place/1313, ,
http://syriaca.org/place/1314, ,
http://syriaca.org/place/1315, ,
http://syriaca.org/place/1316, ,
http://syriaca.org/place/1317, ,
http://syriaca.org/place/1318, ,
http://syriaca.org/place/1319, ,
http://syriaca.org/place/1320, ,
http://syriaca.org/place/1321, ,
http://syriaca.org/place/1323, ,
http://syriaca.org/place/1324, ,
http://syriaca.org/place/1325, ,
http://syriaca.org/place/1326, ,
http://syriaca.org/place/1327, ,
http://syriaca.org/place/1328, ,
http://syriaca.org/place/1329, ,
http://syriaca.org/place/1330, ,
http://syriaca.org/place/1331, ,
http://syriaca.org/place/1332, ,
http://syriaca.org/place/1333, ,
http://syriaca.org/place/1334, ,
http://syriaca.org/place/1335, ,
http://syriaca.org/place/1336, ,
http://syriaca.org/place/1337, ,
http://syriaca.org/place/1338, ,
http://syriaca.org/place/1339, ,
http://syriaca.org/place/1340, ,
http://syriaca.org/place/1341, ,
http://syriaca.org/place/1342, ,
http://syriaca.org/place/1343, ,
http://syriaca.org/place/1344, ,
http://syriaca.org/place/1345, ,
http://syriaca.org/place/1346, ,
http://syriaca.org/place/1347, ,
http://syriaca.org/place/1348, ,
http://syriaca.org/place/1349, ,
http://syriaca.org/place/1350, ,
http://syriaca.org/place/1351, ,
http://syriaca.org/place/1352, ,
http://syriaca.org/place/1353, ,
http://syriaca.org/place/1354, ,
http://syriaca.org/place/1355, ,
http://syriaca.org/place/1356, ,
http://syriaca.org/place/1357, ,
http://syriaca.org/place/1358, ,
http://syriaca.org/place/1359, ,
http://syriaca.org/place/1360, ,
http://syriaca.org/place/1361, ,
http://syriaca.org/place/1362, ,
http://syriaca.org/place/1363, ,
http://syriaca.org/place/1364, ,
http://syriaca.org/place/1365, ,
http://syriaca.org/place/1366, ,
http://syriaca.org/place/1367, ,
http://syriaca.org/place/1368, ,
http://syriaca.org/place/1369, ,
http://syriaca.org/place/1370, ,
http://syriaca.org/place/1371, ,
http://syriaca.org/place/1372, ,
http://syriaca.org/place/1373, ,
http://syriaca.org/place/1374, ,
http://syriaca.org/place/1375, ,
http://syriaca.org/place/1376, ,
http://syriaca.org/place/1377, ,
http://syriaca.org/place/1378, ,
http://syriaca.org/place/1380, ,
http://syriaca.org/place/1381, ,
http://syriaca.org/place/1382, ,
http://syriaca.org/place/1383, ,
http://syriaca.org/place/1384, ,
http://syriaca.org/place/1385, ,
http://syriaca.org/place/1386, ,
http://syriaca.org/place/1387, ,
http://syriaca.org/place/1388, ,
http://syriaca.org/place/1389, ,
http://syriaca.org/place/1390, ,
http://syriaca.org/place/1391, ,
http://syriaca.org/place/1392, ,
http://syriaca.org/place/1393, ,
http://syriaca.org/place/1394, ,
http://syriaca.org/place/1395, ,
http://syriaca.org/place/1396, ,
http://syriaca.org/place/1397, ,
http://syriaca.org/place/1398, ,
http://syriaca.org/place/1399, ,
http://syriaca.org/place/1400, ,
http://syriaca.org/place/1401, ,
http://syriaca.org/place/1402, ,
http://syriaca.org/place/1403, ,
http://syriaca.org/place/1404, ,
http://syriaca.org/place/1405, ,
http://syriaca.org/place/1407, ,
http://syriaca.org/place/1408, ,
http://syriaca.org/place/1409, ,
http://syriaca.org/place/1410, ,
http://syriaca.org/place/1411, ,
http://syriaca.org/place/1412, ,
http://syriaca.org/place/1413, ,
http://syriaca.org/place/1414, ,
http://syriaca.org/place/1415, ,
http://syriaca.org/place/1416, ,
http://syriaca.org/place/1417, ,
http://syriaca.org/place/1418, ,
http://syriaca.org/place/1419, ,
http://syriaca.org/place/1420, ,
http://syriaca.org/place/1421, ,
http://syriaca.org/place/1422, ,
http://syriaca.org/place/1423, ,
http://syriaca.org/place/1424, ,
http://syriaca.org/place/1425, ,
http://syriaca.org/place/1426, ,
http://syriaca.org/place/1427, ,
http://syriaca.org/place/1428, ,
http://syriaca.org/place/1429, ,
http://syriaca.org/place/1430, ,
http://syriaca.org/place/1431, ,
http://syriaca.org/place/1432, ,
http://syriaca.org/place/1433, ,
http://syriaca.org/place/1434, ,
http://syriaca.org/place/1435, ,
http://syriaca.org/place/1436, ,
http://syriaca.org/place/1437, ,
http://syriaca.org/place/1438, ,
http://syriaca.org/place/1439, ,
http://syriaca.org/place/1440, ,
http://syriaca.org/place/1441, ,
http://syriaca.org/place/1442, ,
http://syriaca.org/place/1443, ,
http://syriaca.org/place/1444, ,
http://syriaca.org/place/1445, ,
http://syriaca.org/place/1446, ,
http://syriaca.org/place/1447, ,
http://syriaca.org/place/1448, ,
http://syriaca.org/place/1449, ,
http://syriaca.org/place/1450, ,
http://syriaca.org/place/1451, ,
http://syriaca.org/place/1452, 37.5 39.5,
http://syriaca.org/place/1453, ,
http://syriaca.org/place/1454, ,
http://syriaca.org/place/1455, ,
http://syriaca.org/place/1456, ,
http://syriaca.org/place/1457, ,
http://syriaca.org/place/1458, 42.147439 24.749106,
http://syriaca.org/place/1459, 42.5 27.5,
http://syriaca.org/place/1460, ,
http://syriaca.org/place/1462, ,
http://syriaca.org/place/1463, ,
http://syriaca.org/place/1464, 36.131236 35.939185,
http://syriaca.org/place/1466, ,
http://syriaca.org/place/1467, 31.108961 30.93728,
http://syriaca.org/place/1468, 37.042901 27.420201,
http://syriaca.org/place/1469, 36.961406 30.854274,
http://syriaca.org/place/1470, ,
http://syriaca.org/place/1471, 34.8974275 35.8836795,
http://syriaca.org/place/1472, 37.0370402584 27.425929777,
http://syriaca.org/place/1473, 31.049917 32.600128,
http://syriaca.org/place/1474, ,
http://syriaca.org/place/1475, 36.424325 33.88707,
http://syriaca.org/place/1476, 38.35 28.516667,
http://syriaca.org/place/1477, 36.759213 33.349677,
http://syriaca.org/place/1478, 39.2074811 26.1342123,
http://syriaca.org/place/1479, ,
http://syriaca.org/place/1480, ,
http://syriaca.org/place/1481, ,
http://syriaca.org/place/1484, ,
http://syriaca.org/place/1485, ,
http://syriaca.org/place/1486, ,
http://syriaca.org/place/1487, ,
http://syriaca.org/place/1488, ,
http://syriaca.org/place/1489, 36.36904 42.437347,
http://syriaca.org/place/1490, ,
http://syriaca.org/place/1491, ,
http://syriaca.org/place/1492, ,
http://syriaca.org/place/1493, ,
http://syriaca.org/place/1494, ,
http://syriaca.org/place/1495, ,
http://syriaca.org/place/1496, ,
http://syriaca.org/place/1497, ,
http://syriaca.org/place/1498, ,
http://syriaca.org/place/1499, ,
http://syriaca.org/place/1500, ,
http://syriaca.org/place/1501, ,
http://syriaca.org/place/1502, ,
http://syriaca.org/place/1503, ,
http://syriaca.org/place/1504, 39.747662 37.017879,
http://syriaca.org/place/1505, ,
http://syriaca.org/place/1506, ,
http://syriaca.org/place/1507, ,
http://syriaca.org/place/1508, 31.607738 34.894124,
http://syriaca.org/place/1509, ,
http://syriaca.org/place/1510, ,
http://syriaca.org/place/1511, ,
http://syriaca.org/place/1512, ,
http://syriaca.org/place/1513, ,
http://syriaca.org/place/1514, ,
http://syriaca.org/place/1515, ,
http://syriaca.org/place/1516, ,
http://syriaca.org/place/1517, ,
http://syriaca.org/place/1518, ,
http://syriaca.org/place/1519, ,
http://syriaca.org/place/1520, ,
http://syriaca.org/place/1521, ,
http://syriaca.org/place/1522, ,
http://syriaca.org/place/1523, ,
http://syriaca.org/place/1524, ,
http://syriaca.org/place/1525, ,
http://syriaca.org/place/1526, 38.746057 28.159216,
http://syriaca.org/place/1527, ,
http://syriaca.org/place/1528, ,
http://syriaca.org/place/1529, 38.414 26.053,
http://syriaca.org/place/1530, ,
http://syriaca.org/place/1531, ,
http://syriaca.org/place/1532, 37.25 32.75,
http://syriaca.org/place/1533, 36.512941 29.1282355,
http://syriaca.org/place/1534, 36.195597 27.964125,
http://syriaca.org/place/1535, ,
http://syriaca.org/place/1536, ,
http://syriaca.org/place/1537, ,
http://syriaca.org/place/1538, ,
http://syriaca.org/place/1539, ,
http://syriaca.org/place/1540, ,
http://syriaca.org/place/1541, ,
http://syriaca.org/place/1542, ,
http://syriaca.org/place/1543, ,
http://syriaca.org/place/1544, ,
http://syriaca.org/place/1545, ,
http://syriaca.org/place/1546, ,
http://syriaca.org/place/1547, ,
http://syriaca.org/place/1548, ,
http://syriaca.org/place/1549, ,
http://syriaca.org/place/1550, ,
http://syriaca.org/place/1551, ,
http://syriaca.org/place/1552, ,
http://syriaca.org/place/1553, ,
http://syriaca.org/place/1554, ,
http://syriaca.org/place/1555, ,
http://syriaca.org/place/1556, ,
http://syriaca.org/place/1557, ,
http://syriaca.org/place/1558, ,
http://syriaca.org/place/1559, ,
http://syriaca.org/place/1560, ,
http://syriaca.org/place/1561, ,
http://syriaca.org/place/1562, ,
http://syriaca.org/place/1563, ,
http://syriaca.org/place/1564, ,
http://syriaca.org/place/1565, ,
http://syriaca.org/place/1566, ,
http://syriaca.org/place/1567, ,
http://syriaca.org/place/1568, ,
http://syriaca.org/place/1569, ,
http://syriaca.org/place/1570, ,
http://syriaca.org/place/1571, ,
http://syriaca.org/place/1572, ,
http://syriaca.org/place/1573, ,
http://syriaca.org/place/1574, ,
http://syriaca.org/place/1575, ,
http://syriaca.org/place/1576, ,
http://syriaca.org/place/1577, ,
http://syriaca.org/place/1578, ,
http://syriaca.org/place/1579, ,
http://syriaca.org/place/1580, ,
http://syriaca.org/place/1581, ,
http://syriaca.org/place/1582, ,
http://syriaca.org/place/1583, ,
http://syriaca.org/place/1584, ,
http://syriaca.org/place/1586, ,
http://syriaca.org/place/1587, ,
http://syriaca.org/place/1588, ,
http://syriaca.org/place/1589, ,
http://syriaca.org/place/1590, ,
http://syriaca.org/place/1591, ,
http://syriaca.org/place/1592, ,
http://syriaca.org/place/1593, ,
http://syriaca.org/place/1594, ,
http://syriaca.org/place/1595, ,
http://syriaca.org/place/1596, ,
http://syriaca.org/place/1597, ,
http://syriaca.org/place/1598, ,
http://syriaca.org/place/1600, ,
http://syriaca.org/place/1601, ,
http://syriaca.org/place/1602, ,
http://syriaca.org/place/1603, ,
http://syriaca.org/place/1604, ,
http://syriaca.org/place/1605, ,
http://syriaca.org/place/1606, ,
http://syriaca.org/place/1607, ,
http://syriaca.org/place/1608, ,
http://syriaca.org/place/1609, ,
http://syriaca.org/place/1610, ,
http://syriaca.org/place/1611, ,
http://syriaca.org/place/1612, ,
http://syriaca.org/place/1613, ,
http://syriaca.org/place/1614, ,
http://syriaca.org/place/1615, ,
http://syriaca.org/place/1616, ,
http://syriaca.org/place/1617, ,
http://syriaca.org/place/1618, ,
http://syriaca.org/place/1619, ,
http://syriaca.org/place/1620, ,
http://syriaca.org/place/1621, ,
http://syriaca.org/place/1622, ,
http://syriaca.org/place/1623, ,
http://syriaca.org/place/1624, ,
http://syriaca.org/place/1625, ,
http://syriaca.org/place/1626, ,
http://syriaca.org/place/1627, ,
http://syriaca.org/place/1628, ,
http://syriaca.org/place/1629, ,
http://syriaca.org/place/1630, ,
http://syriaca.org/place/1631, ,
http://syriaca.org/place/1632, ,
http://syriaca.org/place/1634, ,
http://syriaca.org/place/1635, ,
http://syriaca.org/place/1636, ,
http://syriaca.org/place/1637, ,
http://syriaca.org/place/1638, ,
http://syriaca.org/place/1639, ,
http://syriaca.org/place/1640, ,
http://syriaca.org/place/1641, ,
http://syriaca.org/place/1642, ,
http://syriaca.org/place/1643, ,
http://syriaca.org/place/1644, ,
http://syriaca.org/place/1645, ,
http://syriaca.org/place/1646, ,
http://syriaca.org/place/1647, ,
http://syriaca.org/place/1648, ,
http://syriaca.org/place/1649, ,
http://syriaca.org/place/1650, ,
http://syriaca.org/place/1651, ,
http://syriaca.org/place/1652, ,
http://syriaca.org/place/1653, ,
http://syriaca.org/place/1654, ,
http://syriaca.org/place/1655, ,
http://syriaca.org/place/1656, ,
http://syriaca.org/place/1657, ,
http://syriaca.org/place/1658, ,
http://syriaca.org/place/1659, ,
http://syriaca.org/place/1660, ,
http://syriaca.org/place/1661, ,
http://syriaca.org/place/1662, ,
http://syriaca.org/place/1663, ,
http://syriaca.org/place/1664, ,
http://syriaca.org/place/1665, ,
http://syriaca.org/place/1666, ,
http://syriaca.org/place/1667, ,
http://syriaca.org/place/1668, ,
http://syriaca.org/place/1669, ,
http://syriaca.org/place/1670, ,
http://syriaca.org/place/1671, ,
http://syriaca.org/place/1672, ,
http://syriaca.org/place/1673, ,
http://syriaca.org/place/1674, ,
http://syriaca.org/place/1675, ,
http://syriaca.org/place/1676, ,
http://syriaca.org/place/1677, ,
http://syriaca.org/place/1678, ,
http://syriaca.org/place/1679, ,
http://syriaca.org/place/1680, ,
http://syriaca.org/place/1681, ,
http://syriaca.org/place/1682, ,
http://syriaca.org/place/1683, ,
http://syriaca.org/place/1684, ,
http://syriaca.org/place/1685, ,
http://syriaca.org/place/1686, ,
http://syriaca.org/place/1687, ,
http://syriaca.org/place/1688, ,
http://syriaca.org/place/1689, ,
http://syriaca.org/place/1690, ,
http://syriaca.org/place/1691, ,
http://syriaca.org/place/1692, ,
http://syriaca.org/place/1693, ,
http://syriaca.org/place/1694, ,
http://syriaca.org/place/1695, ,
http://syriaca.org/place/1696, ,
http://syriaca.org/place/1697, ,
http://syriaca.org/place/1698, ,
http://syriaca.org/place/1699, ,
http://syriaca.org/place/1700, ,
http://syriaca.org/place/1701, ,
http://syriaca.org/place/1702, ,
http://syriaca.org/place/1703, ,
http://syriaca.org/place/1704, ,
http://syriaca.org/place/1705, ,
http://syriaca.org/place/1706, ,
http://syriaca.org/place/1707, ,
http://syriaca.org/place/1708, ,
http://syriaca.org/place/1709, ,
http://syriaca.org/place/1710, ,
http://syriaca.org/place/1711, ,
http://syriaca.org/place/1712, ,
http://syriaca.org/place/1713, ,
http://syriaca.org/place/1714, ,
http://syriaca.org/place/1715, ,
http://syriaca.org/place/1716, ,
http://syriaca.org/place/1717, ,
http://syriaca.org/place/1718, ,
http://syriaca.org/place/1720, ,
http://syriaca.org/place/1721, ,
http://syriaca.org/place/1722, ,
http://syriaca.org/place/1723, ,
http://syriaca.org/place/1724, ,
http://syriaca.org/place/1725, ,
http://syriaca.org/place/1726, ,
http://syriaca.org/place/1727, ,
http://syriaca.org/place/1728, ,
http://syriaca.org/place/1729, ,
http://syriaca.org/place/1730, ,
http://syriaca.org/place/1731, ,
http://syriaca.org/place/1732, ,
http://syriaca.org/place/1733, ,
http://syriaca.org/place/1734, ,
http://syriaca.org/place/1735, ,
http://syriaca.org/place/1736, ,
http://syriaca.org/place/1737, ,
http://syriaca.org/place/1738, ,
http://syriaca.org/place/1739, ,
http://syriaca.org/place/1740, ,
http://syriaca.org/place/1741, ,
http://syriaca.org/place/1742, ,
http://syriaca.org/place/1743, ,
http://syriaca.org/place/1744, ,
http://syriaca.org/place/1745, ,
http://syriaca.org/place/1746, ,
http://syriaca.org/place/1747, ,
http://syriaca.org/place/1748, ,
http://syriaca.org/place/1749, ,
http://syriaca.org/place/1750, ,
http://syriaca.org/place/1751, ,
http://syriaca.org/place/1752, ,
http://syriaca.org/place/1753, ,
http://syriaca.org/place/1754, ,
http://syriaca.org/place/1755, ,
http://syriaca.org/place/1756, ,
http://syriaca.org/place/1757, ,
http://syriaca.org/place/1758, ,
http://syriaca.org/place/1759, ,
http://syriaca.org/place/1760, ,
http://syriaca.org/place/1761, ,
http://syriaca.org/place/1762, ,
http://syriaca.org/place/1763, ,
http://syriaca.org/place/1764, ,
http://syriaca.org/place/1765, ,
http://syriaca.org/place/1766, ,
http://syriaca.org/place/1767, ,
http://syriaca.org/place/1768, ,
http://syriaca.org/place/1769, ,
http://syriaca.org/place/1770, ,
http://syriaca.org/place/1771, ,
http://syriaca.org/place/1772, ,
http://syriaca.org/place/1773, ,
http://syriaca.org/place/1774, ,
http://syriaca.org/place/1775, ,
http://syriaca.org/place/1776, ,
http://syriaca.org/place/1777, ,
http://syriaca.org/place/1778, ,
http://syriaca.org/place/1779, ,
http://syriaca.org/place/1780, ,
http://syriaca.org/place/1781, ,
http://syriaca.org/place/1782, ,
http://syriaca.org/place/1783, ,
http://syriaca.org/place/1784, ,
http://syriaca.org/place/1785, ,
http://syriaca.org/place/1786, ,
http://syriaca.org/place/1787, ,
http://syriaca.org/place/1788, ,
http://syriaca.org/place/1789, ,
http://syriaca.org/place/1790, ,
http://syriaca.org/place/1791, ,
http://syriaca.org/place/1792, ,
http://syriaca.org/place/1793, ,
http://syriaca.org/place/1794, ,
http://syriaca.org/place/1795, ,
http://syriaca.org/place/1796, ,
http://syriaca.org/place/1797, ,
http://syriaca.org/place/1798, ,
http://syriaca.org/place/1799, ,
http://syriaca.org/place/1800, ,
http://syriaca.org/place/1801, ,
http://syriaca.org/place/1802, ,
http://syriaca.org/place/1803, ,
http://syriaca.org/place/1804, ,
http://syriaca.org/place/1805, ,
http://syriaca.org/place/1806, ,
http://syriaca.org/place/1807, ,
http://syriaca.org/place/1808, ,
http://syriaca.org/place/1809, ,
http://syriaca.org/place/1810, ,
http://syriaca.org/place/1811, ,
http://syriaca.org/place/1812, ,
http://syriaca.org/place/1813, ,
http://syriaca.org/place/1814, ,
http://syriaca.org/place/1815, ,
http://syriaca.org/place/1816, ,
http://syriaca.org/place/1817, ,
http://syriaca.org/place/1818, ,
http://syriaca.org/place/1819, ,
http://syriaca.org/place/1820, ,
http://syriaca.org/place/1821, ,
http://syriaca.org/place/1822, ,
http://syriaca.org/place/1823, ,
http://syriaca.org/place/1824, ,
http://syriaca.org/place/1825, ,
http://syriaca.org/place/1826, ,
http://syriaca.org/place/1827, ,
http://syriaca.org/place/1828, ,
http://syriaca.org/place/1829, ,
http://syriaca.org/place/1830, ,
http://syriaca.org/place/1831, ,
http://syriaca.org/place/1832, ,
http://syriaca.org/place/1833, ,
http://syriaca.org/place/1834, ,
http://syriaca.org/place/1835, ,
http://syriaca.org/place/1836, ,
http://syriaca.org/place/1837, ,
http://syriaca.org/place/1838, ,
http://syriaca.org/place/1839, ,
http://syriaca.org/place/1840, ,
http://syriaca.org/place/1841, ,
http://syriaca.org/place/1842, ,
http://syriaca.org/place/1843, ,
http://syriaca.org/place/1844, ,
http://syriaca.org/place/1845, ,
http://syriaca.org/place/1846, ,
http://syriaca.org/place/1847, ,
http://syriaca.org/place/1848, ,
http://syriaca.org/place/1849, ,
http://syriaca.org/place/1850, ,
http://syriaca.org/place/1851, ,
http://syriaca.org/place/1852, ,
http://syriaca.org/place/1853, ,
http://syriaca.org/place/1854, ,
http://syriaca.org/place/1855, ,
http://syriaca.org/place/1856, ,
http://syriaca.org/place/1857, ,
http://syriaca.org/place/1858, ,
http://syriaca.org/place/1859, ,
http://syriaca.org/place/1860, ,
http://syriaca.org/place/1861, ,
http://syriaca.org/place/1862, ,
http://syriaca.org/place/1863, ,
http://syriaca.org/place/1864, ,
http://syriaca.org/place/1865, ,
http://syriaca.org/place/1866, ,
http://syriaca.org/place/1867, ,
http://syriaca.org/place/1868, ,
http://syriaca.org/place/1869, ,
http://syriaca.org/place/1870, ,
http://syriaca.org/place/1871, ,
http://syriaca.org/place/1872, ,
http://syriaca.org/place/1873, ,
http://syriaca.org/place/1874, ,
http://syriaca.org/place/1875, ,
http://syriaca.org/place/1877, ,
http://syriaca.org/place/1878, ,
http://syriaca.org/place/1879, ,
http://syriaca.org/place/1881, ,
http://syriaca.org/place/1882, ,
http://syriaca.org/place/1883, ,
http://syriaca.org/place/1884, ,
http://syriaca.org/place/1887, ,
http://syriaca.org/place/1888, ,
http://syriaca.org/place/1889, ,
http://syriaca.org/place/1890, ,
http://syriaca.org/place/1891, ,
http://syriaca.org/place/1892, ,
http://syriaca.org/place/1893, ,
http://syriaca.org/place/1894, ,
http://syriaca.org/place/1895, ,
http://syriaca.org/place/1896, ,
http://syriaca.org/place/1897, ,
http://syriaca.org/place/1898, ,
http://syriaca.org/place/1899, ,
http://syriaca.org/place/1900, ,
http://syriaca.org/place/1901, ,
http://syriaca.org/place/1902, ,
http://syriaca.org/place/1903, ,
http://syriaca.org/place/1904, ,
http://syriaca.org/place/1905, ,
http://syriaca.org/place/1906, ,
http://syriaca.org/place/1907, ,
http://syriaca.org/place/1908, ,
http://syriaca.org/place/1909, ,
http://syriaca.org/place/1910, ,
http://syriaca.org/place/1912, ,
http://syriaca.org/place/1913, ,
http://syriaca.org/place/1914, ,
http://syriaca.org/place/1915, ,
http://syriaca.org/place/1916, ,
http://syriaca.org/place/1917, ,
http://syriaca.org/place/1918, ,
http://syriaca.org/place/1919, ,
http://syriaca.org/place/1920, ,
http://syriaca.org/place/1921, ,
http://syriaca.org/place/1922, ,
http://syriaca.org/place/1923, ,
http://syriaca.org/place/1924, ,
http://syriaca.org/place/1925, ,
http://syriaca.org/place/1926, ,
http://syriaca.org/place/1927, ,
http://syriaca.org/place/1928, ,
http://syriaca.org/place/1929, ,
http://syriaca.org/place/1930, ,
http://syriaca.org/place/1932, ,
http://syriaca.org/place/1933, ,
http://syriaca.org/place/1934, ,
http://syriaca.org/place/1935, ,
http://syriaca.org/place/1936, ,
http://syriaca.org/place/1937, ,